32.58183715016031; 145.50575874140037, 88.37511549071846; 85.37276497976683, 95.9075330719622; 29.865353348867067, 67.3633206623009; 137.26525366385638, 146.59952485449415; 21.63607035243407, 26.399044996929945; 95.53760315439968, 164.5701871822719; 146.6084195225802, 91.46673913092576; 144.8663786659826, 15.97758788558972; 124.68987335481003, 165.01997074525417; 84.21863153354576, 40.45692518164388; 47.08052740794788, 85.79338747131608; 105.97231263527596, 150.31582565162526; 124.9222137180295, 121.66354390685713; 121.64766952085738, 16.89885081773403; 73.30747129269241, 125.39165149269272; 106.46679776825486, 79.01201560151539; 33.00579072546025, 147.5492536436491; 50.813205246291716, 19.666233407092818; 48.528107247689064, 72.58539240444952; 68.66974874758827, 
88.37511549071846; 85.37276497976683, 67.3633206623009; 137.26525366385638, 26.399044996929945; 95.53760315439968, 91.46673913092576; 144.8663786659826, 165.01997074525417; 84.21863153354576, 85.79338747131608; 105.97231263527596, 121.66354390685713; 121.64766952085738, 125.39165149269272; 106.46679776825486, 147.5492536436491; 50.813205246291716, 72.58539240444952; 68.66974874758827, 97.91871717255616; 29.865353348867067, 164.5701871822719; 142.28402911420287, 43.34249094034335; 47.08052740794788, 20.954816844362906; 73.30747129269241, 13.109864961008753; 48.528107247689064, 146.59952485449415; 22.85460255164412, 145.0731033249629; 117.0746663136927, 32.58183715016031; 143.73751945399928, 74.09434299407566; 33.00579072546025, 15.97758788558972; 124.68987335481003, 
67.3633206623009; 137.26525366385638, 91.46673913092576; 144.8663786659826, 85.79338747131608; 105.97231263527596, 125.39165149269272; 106.46679776825486, 72.58539240444952; 68.66974874758827, 164.5701871822719; 142.28402911420287, 20.954816844362906; 73.30747129269241, 146.59952485449415; 22.85460255164412, 32.58183715016031; 143.73751945399928, 15.97758788558972; 124.68987335481003, 26.399044996929945; 95.53760315439968, 121.66354390685713; 122.49842302438803, 98.78475249262287; 29.865353348867067, 13.568342767564067; 48.528107247689064, 74.09434299407566; 33.00579072546025, 162.45868221191827; 84.21863153354576, 38.987213068412856; 49.53491427301686, 92.0199673743252; 82.12022037344347, 153.4378683321677; 119.31269529883947, 147.5492536436491; 52.30164032369233, 
91.46673913092576; 144.8663786659826, 125.39165149269272; 106.46679776825486, 164.5701871822719; 142.28402911420287, 146.59952485449415; 22.85460255164412, 15.97758788558972; 124.68987335481003, 121.66354390685713; 122.49842302438803, 13.568342767564067; 48.528107247689064, 162.45868221191827; 84.21863153354576, 92.0199673743252; 82.12022037344347, 147.5492536436491; 52.30164032369233, 85.79338747131608; 108.44686682399131, 20.954816844362906; 66.96919116208612, 26.399044996929945; 95.53760315439968, 74.09434299407566; 33.00579072546025, 152.51368003282042; 114.89541461960052, 72.58539240444952; 68.66974874758827, 106.76844032550065; 29.865353348867067, 67.3633206623009; 137.26525366385638, 44.667677876872936; 43.444482376631875, 32.58183715016031; 143.73751945399928, 
125.39165149269272; 106.46679776825486, 146.59952485449415; 22.85460255164412, 121.66354390685713; 122.49842302438803, 162.45868221191827; 84.21863153354576, 147.5492536436491; 52.30164032369233, 20.954816844362906; 66.96919116208612, 74.09434299407566; 33.00579072546025, 72.58539240444952; 68.66974874758827, 67.3633206623009; 137.26525366385638, 32.58183715016031; 143.73751945399928, 163.0979548775977; 142.28402911420287, 18.19028224309301; 48.528107247689064, 85.79338747131608; 109.3901649623763, 159.07239884268606; 115.14101941476773, 45.85483703654976; 43.444482376631875, 15.97758788558972; 124.68987335481003, 26.399044996929945; 101.15494580964992, 96.11371728565382; 140.20397573401286, 117.984787094376; 40.31323368442305, 98.42476268182277; 81.41723721378766, 
146.59952485449415; 22.85460255164412, 162.45868221191827; 84.21863153354576, 20.954816844362906; 66.96919116208612, 72.58539240444952; 68.66974874758827, 32.58183715016031; 143.73751945399928, 18.19028224309301; 48.528107247689064, 159.07239884268606; 115.14101941476773, 15.97758788558972; 124.68987335481003, 96.11371728565382; 140.20397573401286, 98.42476268182277; 81.41723721378766, 121.66354390685713; 122.6165204373237, 80.33541676350278; 32.13361017283847, 159.24272134584078; 142.28402911420287, 51.73513173349775; 43.444482376631875, 114.84045229985709; 41.66353651410772, 147.5492536436491; 52.30164032369233, 87.81938023236414; 113.30803636098602, 125.39165149269272; 98.46392936746392, 26.6515919205101; 98.35047506011938, 67.06429594183943; 132.444235443567, 
162.45868221191827; 84.21863153354576, 72.58539240444952; 68.66974874758827, 18.19028224309301; 48.528107247689064, 15.97758788558972; 124.68987335481003, 98.42476268182277; 81.41723721378766, 80.33541676350278; 32.13361017283847, 51.73513173349775; 43.444482376631875, 147.5492536436491; 52.30164032369233, 125.39165149269272; 98.46392936746392, 67.06429594183943; 132.444235443567, 20.954816844362906; 67.37264802827794, 158.90014676833704; 115.14101941476773, 121.66354390685713; 125.43358709307891, 104.68359875204382; 45.39788623636628, 26.814257972885784; 96.54410902183177, 32.58183715016031; 143.73751945399928, 159.24272134584078; 142.17620719960544, 146.59952485449415; 21.95908932974782, 91.2357148233005; 109.03789629374366, 94.78492387376578; 137.28772609750902, 
72.58539240444952; 68.66974874758827, 15.97758788558972; 124.68987335481003, 80.33541676350278; 32.13361017283847, 147.5492536436491; 52.30164032369233, 67.06429594183943; 132.444235443567, 158.90014676833704; 115.14101941476773, 104.68359875204382; 45.39788623636628, 32.58183715016031; 143.73751945399928, 146.59952485449415; 21.95908932974782, 94.78492387376578; 137.28772609750902, 18.19028224309301; 48.306956017653114, 43.11822675430449; 45.00995437748116, 20.954816844362906; 71.05767567848216, 26.814257972885784; 96.54410902183177, 91.2357148233005; 105.73581632407556, 99.43542906322784; 75.24237211054097, 125.38840664635818; 130.77785693500147, 162.45868221191827; 84.21863153354576, 159.24272134584078; 140.8117782165113, 127.04073335256167; 98.16482875204201, 
15.97758788558972; 124.68987335481003, 147.5492536436491; 52.30164032369233, 158.90014676833704; 115.14101941476773, 32.58183715016031; 143.73751945399928, 94.78492387376578; 137.28772609750902, 43.11822675430449; 45.00995437748116, 26.814257972885784; 96.54410902183177, 99.43542906322784; 75.24237211054097, 162.45868221191827; 84.21863153354576, 127.04073335256167; 98.16482875204201, 77.57058167113941; 31.24330596613634, 108.99666625433709; 46.78673657022095, 23.825058774754922; 48.306956017653114, 91.2357148233005; 112.84698864576845, 159.24272134584078; 138.59382280276122, 67.06429594183943; 132.444235443567, 20.954816844362906; 75.8911520785063, 72.58539240444952; 68.66974874758827, 125.55674398703434; 130.77785693500147, 146.59952485449415; 29.832800442817675, 
147.5492536436491; 52.30164032369233, 32.58183715016031; 143.73751945399928, 43.11822675430449; 45.00995437748116, 99.43542906322784; 75.24237211054097, 127.04073335256167; 98.16482875204201, 108.99666625433709; 46.78673657022095, 91.2357148233005; 112.84698864576845, 67.06429594183943; 132.444235443567, 72.58539240444952; 68.66974874758827, 146.59952485449415; 29.832800442817675, 158.90014676833704; 108.13083840865839, 26.814257972885784; 96.54410902183177, 77.57058167113941; 31.24330596613634, 155.3069480860832; 138.59382280276122, 122.71991805181699; 130.77785693500147, 94.78492387376578; 146.2245033724334, 17.921023825080496; 48.306956017653114, 15.97758788558972; 124.68987335481003, 20.954816844362906; 75.10374068070858, 162.45868221191827; 84.21863153354576, 
32.58183715016031; 143.73751945399928, 99.43542906322784; 75.24237211054097, 108.99666625433709; 46.78673657022095, 67.06429594183943; 132.444235443567, 146.59952485449415; 29.832800442817675, 26.814257972885784; 96.54410902183177, 155.3069480860832; 138.59382280276122, 94.78492387376578; 146.2245033724334, 15.97758788558972; 124.68987335481003, 162.45868221191827; 84.21863153354576, 43.96866749893053; 45.00995437748116, 95.6067601664917; 109.7642408014193, 158.90014676833704; 112.33801040569931, 123.96097761383473; 130.27339432113297, 20.954816844362906; 69.50735553172983, 131.06416583134694; 96.8734027683426, 73.97778153981152; 30.070977647412718, 147.5492536436491; 54.13182016575119, 18.98924427710186; 45.406720291392574, 72.58539240444952; 68.66974874758827, 
99.43542906322784; 75.24237211054097, 67.06429594183943; 132.444235443567, 26.814257972885784; 96.54410902183177, 94.78492387376578; 146.2245033724334, 162.45868221191827; 84.21863153354576, 95.6067601664917; 109.7642408014193, 123.96097761383473; 130.27339432113297, 131.06416583134694; 96.8734027683426, 147.5492536436491; 54.13182016575119, 72.58539240444952; 68.66974874758827, 109.76062449245502; 36.777206067131544, 155.3069480860832; 132.29559846798693, 51.49770100909334; 45.00995437748116, 20.954816844362906; 74.19897111144293, 25.44635652906014; 45.406720291392574, 146.59952485449415; 22.883560007967073, 158.90014676833704; 108.89292398944752, 32.58183715016031; 143.73751945399928, 81.9600312231004; 25.814014412215876, 16.074727022456607; 124.68987335481003, 
67.06429594183943; 132.444235443567, 94.78492387376578; 146.2245033724334, 95.6067601664917; 109.7642408014193, 131.06416583134694; 96.8734027683426, 72.58539240444952; 68.66974874758827, 155.3069480860832; 132.29559846798693, 20.954816844362906; 74.19897111144293, 146.59952485449415; 22.883560007967073, 32.58183715016031; 143.73751945399928, 16.074727022456607; 124.68987335481003, 26.814257972885784; 96.73654118048547, 129.95435434549688; 127.83722237219169, 113.64011365593248; 37.357778061019424, 17.783221073222407; 45.406720291392574, 88.03389679865366; 21.980998469742364, 162.45868221191827; 84.21863153354576, 53.576649502849044; 42.747817315168376, 103.69519135241863; 72.13242939521685, 158.90014676833704; 114.28524388842436, 145.73584837599242; 51.347413019649736, 
94.78492387376578; 146.2245033724334, 131.06416583134694; 96.8734027683426, 155.3069480860832; 132.29559846798693, 146.59952485449415; 22.883560007967073, 16.074727022456607; 124.68987335481003, 129.95435434549688; 127.83722237219169, 17.783221073222407; 45.406720291392574, 162.45868221191827; 84.21863153354576, 103.69519135241863; 72.13242939521685, 145.73584837599242; 51.347413019649736, 96.87057893672134; 108.87291291903018, 20.954816844362906; 68.68147242815567, 26.814257972885784; 96.73654118048547, 88.03389679865366; 23.735774582038946, 158.90014676833704; 112.17455810897809, 75.20523846707894; 73.4263563936878, 116.00077236631613; 38.24917937917578, 67.06429594183943; 132.444235443567, 56.66474238956424; 39.91255058992143, 32.58183715016031; 143.73751945399928, 
131.06416583134694; 96.8734027683426, 146.59952485449415; 22.883560007967073, 129.95435434549688; 127.83722237219169, 162.45868221191827; 84.21863153354576, 145.73584837599242; 51.347413019649736, 20.954816844362906; 68.68147242815567, 88.03389679865366; 23.735774582038946, 75.20523846707894; 73.4263563936878, 67.06429594183943; 132.444235443567, 32.58183715016031; 143.73751945399928, 155.3069480860832; 132.58680483610408, 21.305128213516564; 45.406720291392574, 93.34996563121736; 109.31860800916026, 158.90014676833704; 109.35283320358545, 49.06648247477964; 42.77492228178765, 16.074727022456607; 124.68987335481003, 26.814257972885784; 96.73654118048547, 94.78492387376578; 137.40783173387757, 118.39530548783297; 31.504478767207516, 108.54587719030279; 64.95994974172815, 
146.59952485449415; 22.883560007967073, 162.45868221191827; 84.21863153354576, 20.954816844362906; 68.68147242815567, 75.20523846707894; 73.4263563936878, 32.58183715016031; 143.73751945399928, 21.305128213516564; 45.406720291392574, 158.90014676833704; 109.35283320358545, 16.074727022456607; 124.68987335481003, 94.78492387376578; 137.40783173387757, 108.54587719030279; 64.95994974172815, 121.92505536517078; 127.83722237219169, 88.03389679865366; 32.46480553048859, 155.3069480860832; 133.77913527057314, 52.569943182723925; 42.77492228178765, 113.53179871792454; 31.504478767207516, 145.73584837599242; 53.955050417536505, 93.34996563121736; 108.10510886081096, 128.42099854823405; 96.20974336902545, 26.814257972885784; 96.73654118048547, 67.06429594183943; 132.444235443567, 
162.45868221191827; 84.21863153354576, 75.20523846707894; 73.4263563936878, 21.305128213516564; 45.406720291392574, 16.074727022456607; 124.68987335481003, 108.54587719030279; 64.95994974172815, 88.03389679865366; 32.46480553048859, 52.569943182723925; 42.77492228178765, 145.73584837599242; 53.955050417536505, 128.42099854823405; 96.20974336902545, 67.06429594183943; 132.444235443567, 20.954816844362906; 74.02262871915947, 158.90014676833704; 110.86809373532215, 126.41545825099467; 130.3047815510749, 121.15044345387601; 31.504478767207516, 26.814257972885784; 96.73654118048547, 32.58183715016031; 143.73751945399928, 155.3069480860832; 141.63029795027404, 149.2240919540926; 22.368426041169823, 96.00201173568637; 107.5737976966376, 97.65517658446423; 133.9348225274259, 
75.20523846707894; 73.4263563936878, 16.074727022456607; 124.68987335481003, 88.03389679865366; 32.46480553048859, 145.73584837599242; 53.955050417536505, 67.06429594183943; 132.444235443567, 158.90014676833704; 110.86809373532215, 121.15044345387601; 31.504478767207516, 32.58183715016031; 143.73751945399928, 149.2240919540926; 22.368426041169823, 97.65517658446423; 133.9348225274259, 24.32166166470709; 45.406720291392574, 61.803946683618626; 42.77492228178765, 20.954816844362906; 71.25572114962154, 26.814257972885784; 97.9497694136857, 96.00201173568637; 105.07824079149232, 109.3267457290719; 64.94557748044596, 132.48229335605552; 129.48039314290463, 162.45868221191827; 84.21863153354576, 157.4950694272332; 137.63272291943295, 134.30927197332775; 96.20974336902545, 
16.074727022456607; 124.68987335481003, 145.73584837599242; 53.955050417536505, 158.90014676833704; 110.86809373532215, 32.58183715016031; 143.73751945399928, 97.65517658446423; 133.9348225274259, 61.803946683618626; 42.77492228178765, 26.814257972885784; 97.9497694136857, 109.3267457290719; 64.94557748044596, 162.45868221191827; 84.21863153354576, 134.30927197332775; 96.20974336902545, 95.91910811423946; 31.293179295834044, 124.33061680253766; 31.504478767207516, 24.32166166470709; 37.772289792805445, 96.00201173568637; 99.65316579431392, 162.84920025468804; 137.68066298218562, 67.06429594183943; 132.444235443567, 20.954816844362906; 71.25572114962154, 76.17160934700938; 78.45471627601903, 131.35647756187277; 132.5660861246883, 155.49903611513034; 22.438258828402148, 
145.73584837599242; 53.955050417536505, 32.58183715016031; 143.73751945399928, 61.803946683618626; 42.77492228178765, 109.3267457290719; 64.94557748044596, 134.30927197332775; 96.20974336902545, 124.33061680253766; 31.504478767207516, 96.00201173568637; 99.65316579431392, 67.06429594183943; 132.444235443567, 76.17160934700938; 78.45471627601903, 155.49903611513034; 22.438258828402148, 161.4254549991682; 111.98706327813825, 26.814257972885784; 97.9497694136857, 89.11816742719375; 31.293179295834044, 160.5418541100843; 137.68066298218562, 138.16867562880444; 132.5660861246883, 100.2614644681727; 133.9348225274259, 29.54773429060707; 37.772289792805445, 16.074727022456607; 124.68987335481003, 20.954816844362906; 71.25572114962154, 162.45868221191827; 84.21863153354576, 
32.58183715016031; 143.73751945399928, 109.3267457290719; 64.94557748044596, 124.33061680253766; 31.504478767207516, 67.06429594183943; 132.444235443567, 155.49903611513034; 22.438258828402148, 26.814257972885784; 97.9497694136857, 160.5418541100843; 137.68066298218562, 100.2614644681727; 133.9348225274259, 16.074727022456607; 124.68987335481003, 162.45868221191827; 84.21863153354576, 60.27705889137869; 43.086044053705166, 97.64590893502836; 101.55454600784107, 154.72604389145; 111.98706327813825, 132.56965089951274; 132.5660861246883, 20.954816844362906; 71.25572114962154, 131.85237178175967; 97.53170431174469, 90.5060547537388; 30.40482074940761, 145.73584837599242; 53.955050417536505, 29.773147286148106; 37.772289792805445, 73.19831404855178; 75.01571482767818, 
109.3267457290719; 64.94557748044596, 67.06429594183943; 132.444235443567, 26.814257972885784; 97.9497694136857, 100.2614644681727; 133.9348225274259, 162.45868221191827; 84.21863153354576, 97.64590893502836; 101.55454600784107, 132.56965089951274; 132.5660861246883, 131.85237178175967; 97.53170431174469, 145.73584837599242; 53.955050417536505, 73.19831404855178; 75.01571482767818, 119.42321102966375; 25.68905567299113, 160.04221579130305; 137.68066298218562, 63.59521705806899; 43.086044053705166, 20.954816844362906; 71.25572114962154, 18.89452019101723; 37.772289792805445, 155.49903611513034; 30.972924660668376, 158.03394854744465; 112.09208337021778, 32.58183715016031; 143.73751945399928, 94.67519781289054; 28.237443724638716, 16.074727022456607; 124.68987335481003, 
67.06429594183943; 132.444235443567, 100.2614644681727; 133.9348225274259, 97.64590893502836; 101.55454600784107, 131.85237178175967; 97.53170431174469, 73.19831404855178; 75.01571482767818, 160.04221579130305; 137.68066298218562, 20.954816844362906; 71.25572114962154, 155.49903611513034; 30.972924660668376, 32.58183715016031; 143.73751945399928, 16.074727022456607; 124.68987335481003, 26.814257972885784; 97.9497694136857, 123.94625907561954; 132.5660861246883, 122.73126692521892; 25.68905567299113, 22.66355688732447; 37.772289792805445, 94.42510849843379; 28.237443724638716, 162.45868221191827; 84.21863153354576, 60.74369135162746; 44.00279491245159, 109.3267457290719; 64.94557748044596, 158.03394854744465; 112.08717276405137, 145.73584837599242; 53.955050417536505, 
100.2614644681727; 133.9348225274259, 131.85237178175967; 97.53170431174469, 160.04221579130305; 137.68066298218562, 155.49903611513034; 30.972924660668376, 16.074727022456607; 124.68987335481003, 123.94625907561954; 132.5660861246883, 22.66355688732447; 37.772289792805445, 162.45868221191827; 84.21863153354576, 109.3267457290719; 64.94557748044596, 145.73584837599242; 53.955050417536505, 100.74176521730828; 105.13530512185802, 20.954816844362906; 71.25572114962154, 26.814257972885784; 99.8520577376186, 88.98979451178826; 28.237443724638716, 158.03394854744465; 108.1183105673904, 73.21376712536244; 80.8054078574813, 116.27221917440043; 25.68905567299113, 67.06429594183943; 127.21895977149636, 55.31721267547419; 50.57167389769278, 32.58183715016031; 143.73751945399928, 
131.85237178175967; 97.53170431174469, 155.49903611513034; 30.972924660668376, 123.94625907561954; 132.5660861246883, 162.45868221191827; 84.21863153354576, 145.73584837599242; 53.955050417536505, 20.954816844362906; 71.25572114962154, 88.98979451178826; 28.237443724638716, 73.21376712536244; 80.8054078574813, 67.06429594183943; 127.21895977149636, 32.58183715016031; 143.73751945399928, 153.25074323818583; 137.68066298218562, 23.060249314732783; 37.772289792805445, 100.74176521730828; 97.78775011762771, 158.03394854744465; 110.04448512350854, 55.31721267547419; 50.57167389769278, 16.074727022456607; 124.68987335481003, 27.272899434037818; 99.91016842196206, 94.10940922069666; 133.9348225274259, 120.8568959879667; 29.28575156473284, 104.14257149041433; 56.086901174867066, 
155.49903611513034; 30.972924660668376, 162.45868221191827; 84.21863153354576, 20.954816844362906; 71.25572114962154, 73.21376712536244; 80.8054078574813, 32.58183715016031; 143.73751945399928, 23.060249314732783; 37.772289792805445, 158.03394854744465; 110.04448512350854, 16.074727022456607; 124.68987335481003, 94.10940922069666; 133.9348225274259, 104.14257149041433; 56.086901174867066, 134.06355439118352; 132.5660861246883, 88.87627230056046; 27.922411631766863, 154.09403377417308; 137.68066298218562, 56.11144829902292; 50.7441126065163, 123.62437252154037; 23.31492268810922, 145.73584837599242; 53.955050417536505, 95.50267048827858; 98.21403259233517, 136.41026652719452; 95.97393703429303, 27.879293707589603; 96.44550573441467, 67.06429594183943; 127.21895977149636, 
162.45868221191827; 84.21863153354576, 73.21376712536244; 80.8054078574813, 23.060249314732783; 37.772289792805445, 16.074727022456607; 124.68987335481003, 104.14257149041433; 56.086901174867066, 88.87627230056046; 27.922411631766863, 56.11144829902292; 50.7441126065163, 145.73584837599242; 53.955050417536505, 136.41026652719452; 95.97393703429303, 67.06429594183943; 127.21895977149636, 20.954816844362906; 71.25572114962154, 162.11362115743628; 112.08713534856518, 132.1183935607373; 132.5660861246883, 123.62437252154037; 31.170289845920138, 27.879293707589603; 96.44550573441467, 32.58183715016031; 143.73751945399928, 154.04452313410968; 137.68066298218562, 155.49903611513034; 29.355770054271588, 103.85905149124977; 103.54494915414101, 97.91479963071212; 133.9348225274259, 
73.21376712536244; 80.8054078574813, 16.074727022456607; 124.68987335481003, 88.87627230056046; 27.922411631766863, 145.73584837599242; 53.955050417536505, 67.06429594183943; 127.21895977149636, 162.11362115743628; 112.08713534856518, 123.62437252154037; 31.170289845920138, 32.58183715016031; 143.73751945399928, 155.49903611513034; 29.355770054271588, 97.91479963071212; 133.9348225274259, 28.100517483698745; 37.772289792805445, 59.072295795140576; 51.55738267484369, 20.954816844362906; 71.25572114962154, 27.879293707589603; 96.75631090957857, 98.1017199064537; 103.54494915414101, 101.47056673680314; 61.383439155933864, 130.01593118249497; 132.5660861246883, 162.45868221191827; 84.21863153354576, 155.0423748459067; 137.68066298218562, 130.2025029861663; 98.18530933127386, 
16.074727022456607; 124.68987335481003, 145.73584837599242; 53.955050417536505, 162.11362115743628; 112.08713534856518, 32.58183715016031; 143.73751945399928, 97.91479963071212; 133.9348225274259, 59.072295795140576; 51.55738267484369, 27.879293707589603; 96.75631090957857, 101.47056673680314; 61.383439155933864, 162.45868221191827; 84.21863153354576, 130.2025029861663; 98.18530933127386, 88.87627230056046; 30.363106275445684, 120.15287034274185; 27.1895629879015, 28.100517483698745; 37.772289792805445, 103.19119768943285; 108.00653814577689, 155.0423748459067; 138.84153928070037, 67.06429594183943; 127.21895977149636, 20.954816844362906; 71.25572114962154, 75.11025744130843; 88.7351995362139, 131.19651912001788; 132.5660861246883, 155.49903611513034; 20.895361051688337, 
145.73584837599242; 53.955050417536505, 32.58183715016031; 143.73751945399928, 59.072295795140576; 51.55738267484369, 101.47056673680314; 61.383439155933864, 130.2025029861663; 98.18530933127386, 120.15287034274185; 27.1895629879015, 103.19119768943285; 108.00653814577689, 67.06429594183943; 127.21895977149636, 75.11025744130843; 88.7351995362139, 155.49903611513034; 20.895361051688337, 160.12679784239756; 112.08713534856518, 27.879293707589603; 99.22552706597065, 81.97183266503636; 30.363106275445684, 162.46613965407244; 138.84153928070037, 127.44261705382156; 132.5660861246883, 97.91479963071212; 143.6617552480993, 27.34940488885021; 37.56597812287479, 16.074727022456607; 124.68987335481003, 20.954816844362906; 71.25572114962154, 162.31616768827166; 84.21863153354576, 
32.58183715016031; 143.73751945399928, 101.47056673680314; 61.383439155933864, 120.15287034274185; 27.1895629879015, 67.06429594183943; 127.21895977149636, 155.49903611513034; 20.895361051688337, 27.879293707589603; 99.22552706597065, 162.46613965407244; 138.84153928070037, 97.91479963071212; 143.6617552480993, 16.074727022456607; 124.68987335481003, 162.31616768827166; 84.21863153354576, 59.072295795140576; 51.55738267484369, 109.57054949926457; 111.44714145982636, 157.71174356339353; 112.08713534856518, 130.62654990960948; 137.07989620036227, 20.954816844362906; 71.25572114962154, 136.08919912317123; 97.89252057817095, 85.29146623761712; 30.15162169402212, 143.664185185475; 51.493581816361676, 29.172836363145166; 37.56597812287479, 66.55762430215796; 93.98563029509687, 
101.47056673680314; 61.383439155933864, 67.06429594183943; 127.21895977149636, 27.879293707589603; 99.22552706597065, 97.91479963071212; 143.6617552480993, 162.31616768827166; 84.21863153354576, 109.57054949926457; 111.44714145982636, 130.62654990960948; 137.07989620036227, 136.08919912317123; 97.89252057817095, 143.664185185475; 51.493581816361676, 66.55762430215796; 93.98563029509687, 119.11409745195658; 26.004565888816128, 162.02091201582542; 138.84153928070037, 59.072295795140576; 51.55738267484369, 20.954816844362906; 71.25572114962154, 29.172836363145166; 37.56597812287479, 155.49903611513034; 24.407069947476284, 155.7301820320149; 113.18238452405647, 32.58183715016031; 143.39720867957146, 88.16431865029728; 27.509446253765002, 16.4174893849969; 124.68987335481003, 
67.06429594183943; 127.21895977149636, 97.91479963071212; 143.6617552480993, 109.57054949926457; 111.44714145982636, 136.08919912317123; 97.89252057817095, 66.55762430215796; 93.98563029509687, 162.02091201582542; 138.84153928070037, 20.954816844362906; 71.25572114962154, 155.49903611513034; 24.407069947476284, 32.58183715016031; 143.39720867957146, 16.4174893849969; 124.68987335481003, 28.515055432330364; 94.65079167945274, 130.62654990960948; 136.2533960769632, 119.11409745195658; 34.464709985820875, 29.172836363145166; 37.56597812287479, 82.16179076947908; 27.509446253765002, 162.31616768827166; 84.21863153354576, 59.072295795140576; 51.55738267484369, 102.73299911734487; 71.2220294977219, 161.00451446027395; 116.09147870006336, 143.49275264979696; 53.81640043405884, 
97.91479963071212; 143.6617552480993, 136.08919912317123; 97.89252057817095, 162.02091201582542; 138.84153928070037, 155.49903611513034; 24.407069947476284, 16.4174893849969; 124.68987335481003, 130.62654990960948; 136.2533960769632, 29.172836363145166; 37.56597812287479, 162.31616768827166; 84.21863153354576, 102.73299911734487; 71.2220294977219, 143.49275264979696; 53.81640043405884, 108.64778512693361; 111.70951325630999, 20.954816844362906; 70.81154700331282, 28.515055432330364; 96.83394942655242, 88.25639987054379; 20.4595447618101, 161.00451446027395; 113.86222663459468, 66.55762430215796; 93.98563029509687, 110.7104986007798; 28.125016997827185, 67.06429594183943; 127.21895977149636, 59.072295795140576; 51.55738267484369, 32.58183715016031; 143.39720867957146, 
136.08919912317123; 97.89252057817095, 155.49903611513034; 24.407069947476284, 130.62654990960948; 136.2533960769632, 162.31616768827166; 84.21863153354576, 143.49275264979696; 53.81640043405884, 20.954816844362906; 70.81154700331282, 88.25639987054379; 20.4595447618101, 66.55762430215796; 93.98563029509687, 67.06429594183943; 127.21895977149636, 32.58183715016031; 143.39720867957146, 159.67150968930525; 138.84153928070037, 29.172836363145166; 37.56597812287479, 101.49417807587386; 113.74351542371416, 154.5475593124461; 113.86222663459468, 60.24831892299534; 51.9085896583208, 16.4174893849969; 124.68987335481003, 28.515055432330364; 97.79956666030341, 97.91479963071212; 141.53168398054842, 117.38266865438385; 24.751464944578597, 105.8373750864502; 65.72827701866125, 
155.49903611513034; 24.407069947476284, 162.31616768827166; 84.21863153354576, 20.954816844362906; 70.81154700331282, 66.55762430215796; 93.98563029509687, 32.58183715016031; 143.39720867957146, 29.172836363145166; 37.56597812287479, 154.5475593124461; 113.86222663459468, 16.4174893849969; 124.68987335481003, 97.91479963071212; 141.53168398054842, 105.8373750864502; 65.72827701866125, 130.62654990960948; 128.28738068757443, 88.25639987054379; 28.29089509172831, 159.59191027793042; 138.84153928070037, 60.24831892299534; 51.9085896583208, 117.38266865438385; 28.586164539402024, 143.49275264979696; 53.81640043405884, 94.43942967828393; 107.51355210775058, 133.9878344674024; 96.06634781226553, 28.638205526375586; 98.75732628262952, 67.06429594183943; 127.21895977149636, 
162.31616768827166; 84.21863153354576, 66.55762430215796; 93.98563029509687, 29.172836363145166; 37.56597812287479, 16.4174893849969; 124.68987335481003, 105.8373750864502; 65.72827701866125, 88.25639987054379; 28.29089509172831, 60.24831892299534; 51.9085896583208, 143.49275264979696; 53.81640043405884, 133.9878344674024; 96.06634781226553, 67.06429594183943; 127.21895977149636, 20.954816844362906; 70.81154700331282, 156.9159037338547; 115.9204158550077, 122.46026886507784; 130.23725067625884, 109.31862234132856; 28.586164539402024, 28.638205526375586; 98.75732628262952, 32.58183715016031; 143.39720867957146, 159.59191027793042; 137.30086127318057, 147.37170681865348; 27.964872545157483, 95.71436671598414; 104.27152142478059, 98.93733583467555; 137.3634186968532, 
66.55762430215796; 93.98563029509687, 16.4174893849969; 124.68987335481003, 88.25639987054379; 28.29089509172831, 143.49275264979696; 53.81640043405884, 67.06429594183943; 127.21895977149636, 156.9159037338547; 115.9204158550077, 109.31862234132856; 28.586164539402024, 32.58183715016031; 143.39720867957146, 147.37170681865348; 27.964872545157483, 98.93733583467555; 137.3634186968532, 28.614783457434363; 37.39932147047302, 60.24831892299534; 51.9085896583208, 20.954816844362906; 70.81154700331282, 29.11870785051311; 96.04465129253158, 100.3397565424811; 104.51527495177534, 97.85911070280953; 59.12571985958643, 128.1892719312791; 130.23725067625884, 162.31616768827166; 84.21863153354576, 159.59191027793042; 145.25626924944117, 134.61041483442958; 96.7354961261316, 
16.4174893849969; 124.68987335481003, 143.49275264979696; 53.81640043405884, 156.9159037338547; 115.9204158550077, 32.58183715016031; 143.39720867957146, 98.93733583467555; 137.3634186968532, 60.24831892299534; 51.9085896583208, 29.11870785051311; 96.04465129253158, 97.85911070280953; 59.12571985958643, 162.31616768827166; 84.21863153354576, 134.61041483442958; 96.7354961261316, 83.52449245865989; 28.29089509172831, 111.88904494859872; 28.586164539402024, 28.614783457434363; 37.39932147047302, 98.89075428137383; 104.51527495177534, 159.59191027793042; 142.59068109395506, 67.06429594183943; 127.21895977149636, 20.954816844362906; 70.81154700331282, 65.07791121580574; 93.46893581554961, 137.46516935578933; 132.291476267479, 147.37170681865348; 22.266139896012067, 
143.49275264979696; 53.81640043405884, 32.58183715016031; 143.39720867957146, 60.24831892299534; 51.9085896583208, 97.85911070280953; 59.12571985958643, 134.61041483442958; 96.7354961261316, 111.88904494859872; 28.586164539402024, 98.89075428137383; 104.51527495177534, 67.06429594183943; 127.21895977149636, 65.07791121580574; 93.46893581554961, 147.37170681865348; 22.266139896012067, 159.3317807966708; 114.15428870768021, 29.11870785051311; 98.60061514643472, 75.32383863541116; 28.29089509172831, 159.59191027793042; 138.81773751579362, 133.8112040917551; 132.291476267479, 98.87523986224338; 136.3300968354256, 28.614783457434363; 37.39932147047302, 16.4174893849969; 124.68987335481003, 21.1522471409805; 70.81154700331282, 161.58416442280435; 84.21863153354576, 
32.58183715016031; 143.39720867957146, 97.85911070280953; 59.12571985958643, 111.88904494859872; 28.586164539402024, 67.06429594183943; 127.21895977149636, 147.37170681865348; 22.266139896012067, 29.11870785051311; 98.60061514643472, 159.59191027793042; 138.81773751579362, 98.87523986224338; 136.3300968354256, 16.4174893849969; 124.68987335481003, 161.58416442280435; 84.21863153354576, 60.24831892299534; 51.9085896583208, 92.80372158313455; 104.51527495177534, 159.3317807966708; 108.91390194876647, 129.21646402724403; 132.291476267479, 21.1522471409805; 70.81154700331282, 128.07985789945343; 98.09689702630169, 79.02924443018283; 18.61332836824888, 143.49275264979696; 53.81640043405884, 28.614783457434363; 37.39932147047302, 65.07791121580574; 93.46893581554961, 
97.85911070280953; 59.12571985958643, 67.06429594183943; 127.21895977149636, 29.11870785051311; 98.60061514643472, 98.87523986224338; 136.3300968354256, 161.58416442280435; 84.21863153354576, 92.80372158313455; 104.51527495177534, 129.21646402724403; 132.291476267479, 128.07985789945343; 98.09689702630169, 143.49275264979696; 53.81640043405884, 65.07791121580574; 93.46893581554961, 112.3834899678759; 26.73795684583224, 155.17811506538047; 138.81773751579362, 60.24831892299534; 51.9085896583208, 21.1522471409805; 70.81154700331282, 28.614783457434363; 37.39932147047302, 147.37170681865348; 17.39176140018384, 159.3317807966708; 110.98877838292381, 32.58183715016031; 143.39720867957146, 83.74034885221843; 19.201312151285023, 16.4174893849969; 124.68987335481003, 
67.06429594183943; 127.21895977149636, 98.87523986224338; 136.3300968354256, 92.80372158313455; 104.51527495177534, 128.07985789945343; 98.09689702630169, 65.07791121580574; 93.46893581554961, 155.17811506538047; 138.81773751579362, 21.1522471409805; 70.81154700331282, 147.37170681865348; 17.39176140018384, 32.58183715016031; 143.39720867957146, 16.4174893849969; 124.68987335481003, 29.246416113640876; 97.96783033930592, 125.5113236813482; 132.291476267479, 115.67291506961773; 26.73795684583224, 34.2957001684258; 37.39932147047302, 83.74034885221843; 22.565862106865644, 161.58416442280435; 84.21863153354576, 61.429008124765815; 52.261190115876616, 101.58939886436647; 72.42815369600794, 157.49104481086965; 110.17320908018222, 145.20881003580774; 48.42608672909336, 
98.87523986224338; 136.3300968354256, 128.07985789945343; 98.09689702630169, 155.17811506538047; 138.81773751579362, 147.37170681865348; 17.39176140018384, 16.4174893849969; 124.68987335481003, 125.5113236813482; 132.291476267479, 34.2957001684258; 37.39932147047302, 161.58416442280435; 84.21863153354576, 101.58939886436647; 72.42815369600794, 145.20881003580774; 48.42608672909336, 92.93179465369354; 104.52789785656283, 21.1522471409805; 70.81154700331282, 29.514377575865346; 96.64010151394382, 81.09908751968682; 22.565862106865644, 157.49104481086965; 113.25050976474697, 65.07791121580574; 93.46893581554961, 113.76937497351999; 26.778609656418826, 67.06429594183943; 127.21895977149636, 61.429008124765815; 52.261190115876616, 32.58183715016031; 143.39720867957146, 
128.07985789945343; 98.09689702630169, 147.37170681865348; 17.39176140018384, 125.5113236813482; 132.291476267479, 161.58416442280435; 84.21863153354576, 145.20881003580774; 48.42608672909336, 21.1522471409805; 70.81154700331282, 81.09908751968682; 22.565862106865644, 65.07791121580574; 93.46893581554961, 67.06429594183943; 127.21895977149636, 32.58183715016031; 143.39720867957146, 155.17811506538047; 138.45251588746962, 34.2957001684258; 37.39932147047302, 99.615909208042; 105.18668538496351, 157.49104481086965; 111.02298880001834, 61.429008124765815; 52.261190115876616, 16.4174893849969; 124.68987335481003, 29.514377575865346; 100.99605655783425, 98.07232859846046; 136.72725131649506, 110.34557028413953; 27.131930129703658, 99.06005508638908; 54.29162650473062, 
147.37170681865348; 17.39176140018384, 161.58416442280435; 84.21863153354576, 21.1522471409805; 70.81154700331282, 65.07791121580574; 93.46893581554961, 32.58183715016031; 143.39720867957146, 34.2957001684258; 37.39932147047302, 157.49104481086965; 111.02298880001834, 16.4174893849969; 124.68987335481003, 98.07232859846046; 136.72725131649506, 99.06005508638908; 54.29162650473062, 129.33888486496062; 132.291476267479, 81.09908751968682; 25.770427812441586, 155.17811506538047; 133.37266052085795, 61.429008124765815; 52.261190115876616, 110.39341028438308; 26.85294804498361, 145.20881003580774; 50.557151767416656, 93.55256046876296; 99.50452795405067, 129.8970405459796; 97.1446645514504, 30.3433316387535; 98.26327369554772, 67.06429594183943; 127.21895977149636, 
161.58416442280435; 84.21863153354576, 65.07791121580574; 93.46893581554961, 34.2957001684258; 37.39932147047302, 16.4174893849969; 124.68987335481003, 99.06005508638908; 54.29162650473062, 81.09908751968682; 25.770427812441586, 61.429008124765815; 52.261190115876616, 145.20881003580774; 50.557151767416656, 129.8970405459796; 97.1446645514504, 67.06429594183943; 127.21895977149636, 21.1522471409805; 70.81154700331282, 157.49104481086965; 107.39734742086513, 125.02699577257802; 132.291476267479, 111.51504875720896; 20.312040063000445, 31.59708611054051; 93.50959521087474, 32.58183715016031; 143.39720867957146, 155.17811506538047; 134.66895438001464, 147.37170681865348; 22.540919541431485, 105.43468301080556; 90.88375111479567, 91.86687978289874; 127.30153261117252, 
65.07791121580574; 93.46893581554961, 16.4174893849969; 124.68987335481003, 81.09908751968682; 25.770427812441586, 145.20881003580774; 50.557151767416656, 67.06429594183943; 127.21895977149636, 157.49104481086965; 107.39734742086513, 111.51504875720896; 20.312040063000445, 32.58183715016031; 143.39720867957146, 147.37170681865348; 22.540919541431485, 91.86687978289874; 127.30153261117252, 34.2957001684258; 37.39932147047302, 61.429008124765815; 52.261190115876616, 20.658983605294875; 65.7083297827069, 32.30701064805504; 100.85434880215554, 104.4855786045739; 90.88375111479567, 103.5011518561226; 57.87898427598404, 122.2565234968063; 132.291476267479, 161.58416442280435; 84.21863153354576, 155.17811506538047; 134.59912884784265, 132.9315169177196; 96.6229581913217, 
16.4174893849969; 124.68987335481003, 145.20881003580774; 50.557151767416656, 157.49104481086965; 107.39734742086513, 32.58183715016031; 143.39720867957146, 91.86687978289874; 127.30153261117252, 61.429008124765815; 52.261190115876616, 32.30701064805504; 100.85434880215554, 103.5011518561226; 57.87898427598404, 161.58416442280435; 84.21863153354576, 132.9315169177196; 96.6229581913217, 86.01484032725043; 17.136475664639867, 111.51504875720896; 23.317975354222085, 34.2957001684258; 37.39932147047302, 100.2840159059237; 90.88375111479567, 160.20991213203354; 134.59912884784265, 67.01198067122884; 127.21895977149636, 21.03069689260228; 65.7083297827069, 74.31076096096425; 93.46893581554961, 122.61905241957982; 132.291476267479, 147.37170681865348; 26.188830876885625, 
145.20881003580774; 50.557151767416656, 32.58183715016031; 143.39720867957146, 61.429008124765815; 52.261190115876616, 103.5011518561226; 57.87898427598404, 132.9315169177196; 96.6229581913217, 111.51504875720896; 23.317975354222085, 100.2840159059237; 90.88375111479567, 67.01198067122884; 127.21895977149636, 74.31076096096425; 93.46893581554961, 147.37170681865348; 26.188830876885625, 157.49104481086965; 108.41010656438722, 35.09343180479525; 94.34866513860221, 86.01484032725043; 21.189619222133388, 154.7074670967683; 134.59912884784265, 129.4976560696676; 132.291476267479, 98.52173369519022; 127.23125759491052, 34.2957001684258; 37.39932147047302, 16.4174893849969; 124.68987335481003, 21.03069689260228; 65.7083297827069, 161.58416442280435; 84.21863153354576, 
32.58183715016031; 143.39720867957146, 103.5011518561226; 57.87898427598404, 111.51504875720896; 23.317975354222085, 67.01198067122884; 127.21895977149636, 147.37170681865348; 26.188830876885625, 35.09343180479525; 94.34866513860221, 154.7074670967683; 134.59912884784265, 98.52173369519022; 127.23125759491052, 16.4174893849969; 124.68987335481003, 161.58416442280435; 84.21863153354576, 61.429008124765815; 52.261190115876616, 104.65820536548628; 90.88375111479567, 157.49104481086965; 111.94812002768536, 121.31159993173372; 132.291476267479, 21.242721037316464; 65.7083297827069, 134.29620636607012; 96.36405025181715, 77.55012615186412; 24.491518392797076, 145.20881003580774; 52.42403627660837, 34.2957001684258; 37.39932147047302, 77.11344935058314; 93.46893581554961, 
103.5011518561226; 57.87898427598404, 67.01198067122884; 127.21895977149636, 35.09343180479525; 94.34866513860221, 98.52173369519022; 127.23125759491052, 161.58416442280435; 84.21863153354576, 104.65820536548628; 90.88375111479567, 121.31159993173372; 132.291476267479, 134.29620636607012; 96.36405025181715, 145.20881003580774; 52.42403627660837, 77.11344935058314; 93.46893581554961, 111.51504875720896; 24.722204795943114, 154.7074670967683; 137.95416350277256, 61.429008124765815; 52.261190115876616, 21.242721037316464; 65.7083297827069, 34.2957001684258; 37.39932147047302, 147.37170681865348; 23.981987924487328, 159.44396858090568; 114.6710316490085, 32.58183715016031; 143.39720867957146, 79.27029355126852; 27.141153207856078, 16.4174893849969; 124.68987335481003, 
67.01198067122884; 127.21895977149636, 98.52173369519022; 127.23125759491052, 104.65820536548628; 90.88375111479567, 134.29620636607012; 96.36405025181715, 77.11344935058314; 93.46893581554961, 154.7074670967683; 137.95416350277256, 21.242721037316464; 65.7083297827069, 147.37170681865348; 23.981987924487328, 32.58183715016031; 143.39720867957146, 16.4174893849969; 124.68987335481003, 35.10972563803073; 94.4188370488312, 123.85698464736355; 132.291476267479, 111.51504875720896; 19.79688482898154, 34.2957001684258; 37.39932147047302, 82.85523065673078; 20.098004295578093, 161.58416442280435; 84.21863153354576, 61.429008124765815; 52.261190115876616, 103.64868508841158; 62.22774952233474, 156.62755326225806; 111.59700590162839, 145.20881003580774; 53.79861933769628, 
98.52173369519022; 127.23125759491052, 134.29620636607012; 96.36405025181715, 154.7074670967683; 137.95416350277256, 147.37170681865348; 23.981987924487328, 16.4174893849969; 124.68987335481003, 123.85698464736355; 132.291476267479, 34.2957001684258; 37.39932147047302, 161.58416442280435; 84.21863153354576, 103.64868508841158; 62.22774952233474, 145.20881003580774; 53.79861933769628, 104.65820536548628; 90.88375111479567, 21.242721037316464; 65.7083297827069, 35.10972563803073; 94.4188370488312, 82.85523065673078; 26.092350469983856, 158.1110107811713; 112.42967846718746, 68.23232725908056; 93.46893581554961, 111.51504875720896; 32.90285661045924, 67.01198067122884; 127.21895977149636, 61.429008124765815; 52.261190115876616, 32.58183715016031; 143.39720867957146, 
134.29620636607012; 96.36405025181715, 147.37170681865348; 23.981987924487328, 123.85698464736355; 132.291476267479, 161.58416442280435; 84.21863153354576, 145.20881003580774; 53.79861933769628, 21.242721037316464; 65.7083297827069, 82.85523065673078; 26.092350469983856, 68.23232725908056; 93.46893581554961, 67.01198067122884; 127.21895977149636, 32.58183715016031; 143.39720867957146, 154.7074670967683; 146.3247480797564, 34.2957001684258; 37.39932147047302, 97.30427951758939; 90.88375111479567, 161.08453823491243; 114.09873518239479, 61.429008124765815; 52.261190115876616, 16.4174893849969; 124.68987335481003, 36.05515650643103; 98.49048115284837, 99.1056426280428; 127.11805559158437, 115.21639145767631; 24.102126401719783, 103.2609245354613; 51.36948377451288, 
147.37170681865348; 23.981987924487328, 161.58416442280435; 84.21863153354576, 21.242721037316464; 65.7083297827069, 68.23232725908056; 93.46893581554961, 32.58183715016031; 143.39720867957146, 34.2957001684258; 37.39932147047302, 161.08453823491243; 114.09873518239479, 16.4174893849969; 124.68987335481003, 99.1056426280428; 127.11805559158437, 103.2609245354613; 51.36948377451288, 123.8814895702205; 132.291476267479, 82.19763928065339; 25.176537620218433, 154.7074670967683; 145.917206341649, 61.429008124765815; 52.261190115876616, 115.85211434791889; 21.005475524025282, 145.20881003580774; 53.79861933769628, 97.90977631737066; 90.88375111479567, 131.21098065611992; 97.953127678056, 36.49258209743761; 97.73183396117282, 67.01198067122884; 127.21895977149636, 
161.58416442280435; 84.21863153354576, 68.23232725908056; 93.46893581554961, 34.2957001684258; 37.39932147047302, 16.4174893849969; 124.68987335481003, 103.2609245354613; 51.36948377451288, 82.19763928065339; 25.176537620218433, 61.429008124765815; 52.261190115876616, 145.20881003580774; 53.79861933769628, 131.21098065611992; 97.953127678056, 67.01198067122884; 127.21895977149636, 21.242721037316464; 65.7083297827069, 157.31810699641292; 114.09873518239479, 128.82874340421563; 132.291476267479, 115.85211434791889; 22.210096570764073, 36.49258209743761; 97.73183396117282, 32.58183715016031; 143.39720867957146, 154.7074670967683; 133.9082831386867, 147.37170681865348; 27.97355062077139, 101.23125007385337; 90.88375111479567, 98.83740103513689; 127.2112542367298, 
68.23232725908056; 93.46893581554961, 16.4174893849969; 124.68987335481003, 82.19763928065339; 25.176537620218433, 145.20881003580774; 53.79861933769628, 67.01198067122884; 127.21895977149636, 157.31810699641292; 114.09873518239479, 115.85211434791889; 22.210096570764073, 32.58183715016031; 143.39720867957146, 147.37170681865348; 27.97355062077139, 98.83740103513689; 127.2112542367298, 34.2957001684258; 37.39932147047302, 61.429008124765815; 52.261190115876616, 21.242721037316464; 65.7083297827069, 38.110455325053294; 94.92588248999056, 97.76562170682145; 90.88375111479567, 100.75448511607931; 62.92089513928379, 124.48126802435884; 132.291476267479, 161.58416442280435; 84.21863153354576, 154.7074670967683; 134.71712009641064, 131.21098065611992; 97.953127678056, 
16.4174893849969; 124.68987335481003, 145.20881003580774; 53.79861933769628, 157.31810699641292; 114.09873518239479, 32.58183715016031; 143.39720867957146, 98.83740103513689; 127.2112542367298, 61.429008124765815; 52.261190115876616, 38.110455325053294; 94.92588248999056, 100.75448511607931; 62.92089513928379, 161.58416442280435; 84.21863153354576, 131.21098065611992; 97.953127678056, 82.19763928065339; 34.795905393931605, 115.85211434791889; 28.987064223078775, 34.2957001684258; 37.39932147047302, 97.76562170682145; 91.78877035943736, 154.7074670967683; 138.53555554865753, 67.01198067122884; 127.21895977149636, 21.242721037316464; 65.7083297827069, 65.96122757000884; 93.46893581554961, 123.76183506483338; 132.291476267479, 147.37170681865348; 21.12582377328342, 
145.20881003580774; 53.79861933769628, 32.58183715016031; 143.39720867957146, 61.429008124765815; 52.261190115876616, 100.75448511607931; 62.92089513928379, 131.21098065611992; 97.953127678056, 115.85211434791889; 28.987064223078775, 97.76562170682145; 91.78877035943736, 67.01198067122884; 127.21895977149636, 65.96122757000884; 93.46893581554961, 147.37170681865348; 21.12582377328342, 157.31810699641292; 106.85698085729365, 30.28938944718802; 94.92588248999056, 87.77764673741284; 30.1894766194285, 154.7074670967683; 131.8114224103721, 123.5041416033707; 132.291476267479, 99.18083720364541; 127.32555273413716, 34.2957001684258; 37.39932147047302, 16.4174893849969; 124.68987335481003, 21.242721037316464; 65.7083297827069, 161.58416442280435; 84.21863153354576, 
32.58183715016031; 143.39720867957146, 100.75448511607931; 62.92089513928379, 115.85211434791889; 28.987064223078775, 67.01198067122884; 127.21895977149636, 147.37170681865348; 21.12582377328342, 30.28938944718802; 94.92588248999056, 154.7074670967683; 131.8114224103721, 99.18083720364541; 127.32555273413716, 16.4174893849969; 124.68987335481003, 161.58416442280435; 84.21863153354576, 61.429008124765815; 52.261190115876616, 97.76562170682145; 92.33264977508809, 157.31810699641292; 110.14332546180191, 125.09107517040286; 132.291476267479, 21.242721037316464; 65.7083297827069, 128.38472015149554; 97.7331630438556, 86.68909457442527; 28.602111431700845, 144.12610575748283; 52.23878571742592, 34.2957001684258; 37.39932147047302, 58.86085043494386; 93.41157387419207, 
100.75448511607931; 62.92089513928379, 67.01198067122884; 127.21895977149636, 30.28938944718802; 94.92588248999056, 99.18083720364541; 127.32555273413716, 161.58416442280435; 84.21863153354576, 97.76562170682145; 92.33264977508809, 125.09107517040286; 132.291476267479, 128.38472015149554; 97.7331630438556, 144.12610575748283; 52.23878571742592, 58.86085043494386; 93.41157387419207, 123.85671271455335; 28.987064223078775, 154.7074670967683; 132.38590121041253, 61.429008124765815; 52.261190115876616, 21.242721037316464; 65.7083297827069, 34.2957001684258; 37.39932147047302, 152.77913989957548; 24.14075955627609, 157.31810699641292; 110.74208699021777, 32.58183715016031; 143.39720867957146, 90.16867834641381; 30.80777267806906, 16.4174893849969; 124.68987335481003, 
67.01198067122884; 127.21895977149636, 99.18083720364541; 127.32555273413716, 97.76562170682145; 92.33264977508809, 128.38472015149554; 97.7331630438556, 58.86085043494386; 93.41157387419207, 154.7074670967683; 132.38590121041253, 21.242721037316464; 65.7083297827069, 152.77913989957548; 24.14075955627609, 32.58183715016031; 143.39720867957146, 16.4174893849969; 124.68987335481003, 21.05452631042447; 94.92588248999056, 126.32855833514319; 132.291476267479, 117.07385987470232; 28.987064223078775, 34.2957001684258; 37.39932147047302, 89.0823259275821; 23.025905265739187, 161.58416442280435; 84.21863153354576, 61.429008124765815; 52.261190115876616, 98.31862526189744; 63.28716122559269, 157.31810699641292; 104.26502480959199, 144.12610575748283; 53.1976889000593, 
99.18083720364541; 127.32555273413716, 128.38472015149554; 97.7331630438556, 154.7074670967683; 132.38590121041253, 152.77913989957548; 24.14075955627609, 16.4174893849969; 124.68987335481003, 126.32855833514319; 132.291476267479, 34.2957001684258; 37.39932147047302, 161.58416442280435; 84.21863153354576, 98.31862526189744; 63.28716122559269, 144.12610575748283; 53.1976889000593, 97.76562170682145; 93.12251254199964, 21.242721037316464; 65.7083297827069, 22.290067141545016; 94.92588248999056, 89.0823259275821; 30.720309200687034, 157.31810699641292; 108.44280349402204, 58.86085043494386; 93.41157387419207, 128.8518396486102; 28.987064223078775, 67.01198067122884; 127.21895977149636, 61.429008124765815; 52.261190115876616, 32.58183715016031; 143.39720867957146, 
128.38472015149554; 97.7331630438556, 152.77913989957548; 24.14075955627609, 126.32855833514319; 132.291476267479, 161.58416442280435; 84.21863153354576, 144.12610575748283; 53.1976889000593, 21.242721037316464; 65.7083297827069, 89.0823259275821; 30.720309200687034, 58.86085043494386; 93.41157387419207, 67.01198067122884; 127.21895977149636, 32.58183715016031; 143.39720867957146, 154.7074670967683; 133.06196248935854, 34.2957001684258; 37.39932147047302, 91.75293699579906; 93.12251254199964, 157.31810699641292; 113.16954972488801, 61.429008124765815; 52.261190115876616, 16.4174893849969; 124.68987335481003, 20.9644415275213; 94.92588248999056, 104.09143887110612; 127.25314576429797, 125.90626759612327; 28.987064223078775, 98.51655891437329; 54.95143989035499, 
152.77913989957548; 24.14075955627609, 161.58416442280435; 84.21863153354576, 21.242721037316464; 65.7083297827069, 58.86085043494386; 93.41157387419207, 32.58183715016031; 143.39720867957146, 34.2957001684258; 37.39932147047302, 157.31810699641292; 113.16954972488801, 16.4174893849969; 124.68987335481003, 104.09143887110612; 127.25314576429797, 98.51655891437329; 54.95143989035499, 131.26310035971107; 132.291476267479, 88.89179410092187; 28.564071680322584, 154.7074670967683; 133.57593051485594, 61.429008124765815; 52.261190115876616, 120.37125100107242; 28.987064223078775, 144.12610575748283; 53.1976889000593, 96.80321587834155; 93.12251254199964, 129.1775500096803; 96.95737717748374, 33.62757434367927; 94.92588248999056, 67.1278421236137; 133.08921131683286, 
161.58416442280435; 84.21863153354576, 58.86085043494386; 93.41157387419207, 34.2957001684258; 37.39932147047302, 16.4174893849969; 124.68987335481003, 98.51655891437329; 54.95143989035499, 88.89179410092187; 28.564071680322584, 61.429008124765815; 52.261190115876616, 144.12610575748283; 53.1976889000593, 129.1775500096803; 96.95737717748374, 67.1278421236137; 133.08921131683286, 21.242721037316464; 65.7083297827069, 157.31810699641292; 109.03880050978994, 130.7348625664102; 132.291476267479, 116.46203214215215; 24.625910861748416, 28.27944136291857; 94.92588248999056, 32.58183715016031; 143.39720867957146, 159.63604403338047; 133.57593051485594, 152.77913989957548; 22.65393675261242, 87.84728066865367; 93.12251254199964, 104.81264240452332; 127.25314576429797, 
58.86085043494386; 93.41157387419207, 16.4174893849969; 124.68987335481003, 88.89179410092187; 28.564071680322584, 144.12610575748283; 53.1976889000593, 67.1278421236137; 133.08921131683286, 157.31810699641292; 109.03880050978994, 116.46203214215215; 24.625910861748416, 32.58183715016031; 143.39720867957146, 152.77913989957548; 22.65393675261242, 104.81264240452332; 127.25314576429797, 34.2957001684258; 37.39932147047302, 61.429008124765815; 52.261190115876616, 21.242721037316464; 65.7083297827069, 28.27944136291857; 94.92588248999056, 92.96038923792459; 93.12251254199964, 98.99684550341016; 54.17630641727693, 134.50028767682247; 132.291476267479, 161.58416442280435; 84.21863153354576, 159.49695119469266; 133.57593051485594, 133.6165012727844; 95.94009767078731, 
16.4174893849969; 124.68987335481003, 144.12610575748283; 53.1976889000593, 157.31810699641292; 109.03880050978994, 32.58183715016031; 143.39720867957146, 104.81264240452332; 127.25314576429797, 61.429008124765815; 52.261190115876616, 28.27944136291857; 94.92588248999056, 98.99684550341016; 54.17630641727693, 161.58416442280435; 84.21863153354576, 133.6165012727844; 95.94009767078731, 88.18366424302877; 22.639394845012454, 123.11046674972106; 24.625910861748416, 34.2957001684258; 37.39932147047302, 95.42644514504846; 93.12251254199964, 152.0469122859728; 133.57593051485594, 67.1278421236137; 126.39240654321281, 21.242721037316464; 65.7083297827069, 64.00429928390588; 93.41157387419207, 127.05081269641678; 132.291476267479, 152.77913989957548; 23.899171576334787, 
144.12610575748283; 53.1976889000593, 32.58183715016031; 143.39720867957146, 61.429008124765815; 52.261190115876616, 98.99684550341016; 54.17630641727693, 133.6165012727844; 95.94009767078731, 123.11046674972106; 24.625910861748416, 95.42644514504846; 93.12251254199964, 67.1278421236137; 126.39240654321281, 64.00429928390588; 93.41157387419207, 152.77913989957548; 23.899171576334787, 157.31810699641292; 109.75523466305644, 28.27944136291857; 94.92588248999056, 88.18366424302877; 28.179717618289068, 152.0469122859728; 138.38182602928396, 119.29566795944625; 132.291476267479, 92.91252774776801; 127.25314576429797, 34.2957001684258; 37.39932147047302, 16.4174893849969; 124.68987335481003, 21.242721037316464; 65.7083297827069, 161.58416442280435; 84.21863153354576, 
32.58183715016031; 143.39720867957146, 98.99684550341016; 54.17630641727693, 123.11046674972106; 24.625910861748416, 67.1278421236137; 126.39240654321281, 152.77913989957548; 23.899171576334787, 28.27944136291857; 94.92588248999056, 152.0469122859728; 138.38182602928396, 92.91252774776801; 127.25314576429797, 16.4174893849969; 124.68987335481003, 161.58416442280435; 84.21863153354576, 61.429008124765815; 52.261190115876616, 99.92283796463408; 93.12251254199964, 160.56572765681705; 111.09503825829346, 123.63395244458307; 132.291476267479, 21.242721037316464; 65.7083297827069, 132.64301017610416; 96.09176781874974, 87.04151867763302; 28.03201485900863, 144.12610575748283; 53.1976889000593, 34.09229181618151; 37.31954488001184, 64.00429928390588; 93.41157387419207, 
98.99684550341016; 54.17630641727693, 67.1278421236137; 126.39240654321281, 28.27944136291857; 94.92588248999056, 92.91252774776801; 127.25314576429797, 161.58416442280435; 84.21863153354576, 99.92283796463408; 93.12251254199964, 123.63395244458307; 132.291476267479, 132.64301017610416; 96.09176781874974, 144.12610575748283; 53.1976889000593, 64.00429928390588; 93.41157387419207, 120.80007176366608; 24.565969440595055, 152.0469122859728; 135.43705928182078, 61.429008124765815; 52.261190115876616, 21.242721037316464; 65.7083297827069, 34.09229181618151; 37.31954488001184, 152.77913989957548; 26.79047856781818, 158.73666882357995; 106.92444759724995, 32.58183715016031; 143.39720867957146, 84.03226412914303; 24.220737291042482, 16.4174893849969; 124.68987335481003, 
67.1278421236137; 126.39240654321281, 92.91252774776801; 127.25314576429797, 99.92283796463408; 93.12251254199964, 132.64301017610416; 96.09176781874974, 64.00429928390588; 93.41157387419207, 152.0469122859728; 135.43705928182078, 21.242721037316464; 65.7083297827069, 152.77913989957548; 26.79047856781818, 32.58183715016031; 143.39720867957146, 16.4174893849969; 124.68987335481003, 28.27944136291857; 97.3888001681683, 113.4534528492316; 132.291476267479, 120.80007176366608; 28.293961552732032, 34.09229181618151; 37.31954488001184, 84.03226412914303; 32.26594483701173, 161.58416442280435; 84.21863153354576, 61.429008124765815; 52.261190115876616, 103.1551441120483; 60.33807721467909, 158.73666882357995; 116.79801921474552, 144.12610575748283; 53.1976889000593, 
92.91252774776801; 127.25314576429797, 132.64301017610416; 96.09176781874974, 152.0469122859728; 135.43705928182078, 152.77913989957548; 26.79047856781818, 16.4174893849969; 124.68987335481003, 113.4534528492316; 132.291476267479, 34.09229181618151; 37.31954488001184, 161.58416442280435; 84.21863153354576, 103.1551441120483; 60.33807721467909, 144.12610575748283; 53.1976889000593, 93.7011201548172; 93.12251254199964, 21.242721037316464; 65.7083297827069, 28.27944136291857; 97.3888001681683, 89.53191367291413; 27.315324368676468, 158.73666882357995; 113.18413352150077, 64.00429928390588; 93.41157387419207, 115.17058306490247; 25.591777213638025, 67.1278421236137; 126.39240654321281, 61.429008124765815; 52.261190115876616, 32.58183715016031; 143.39720867957146, 
132.64301017610416; 96.09176781874974, 152.77913989957548; 26.79047856781818, 113.4534528492316; 132.291476267479, 161.58416442280435; 84.21863153354576, 144.12610575748283; 53.1976889000593, 21.242721037316464; 65.7083297827069, 89.53191367291413; 27.315324368676468, 64.00429928390588; 93.41157387419207, 67.1278421236137; 126.39240654321281, 32.58183715016031; 143.39720867957146, 152.0469122859728; 136.65334992571343, 34.09229181618151; 37.31954488001184, 97.51597526534003; 93.12251254199964, 158.73666882357995; 108.00272026863661, 61.429008124765815; 52.261190115876616, 16.4174893849969; 124.68987335481003, 28.730681328537674; 94.30620980305551, 95.55591151104188; 127.25314576429797, 116.58195971907216; 24.98986676039402, 107.84953569769507; 59.62354293288671, 
152.77913989957548; 26.79047856781818, 161.58416442280435; 84.21863153354576, 21.242721037316464; 65.7083297827069, 64.00429928390588; 93.41157387419207, 32.58183715016031; 143.39720867957146, 34.09229181618151; 37.31954488001184, 158.73666882357995; 108.00272026863661, 16.4174893849969; 124.68987335481003, 95.55591151104188; 127.25314576429797, 107.84953569769507; 59.62354293288671, 117.64318965014999; 132.291476267479, 89.18863311159977; 27.315324368676468, 152.0469122859728; 128.65992199715683, 61.429008124765815; 52.261190115876616, 123.3776856319485; 24.98986676039402, 144.12610575748283; 53.1976889000593, 99.47693172932604; 93.12251254199964, 135.02182104382217; 96.05819086575778, 28.730681328537674; 97.12492515578353, 66.83805448216846; 126.39240654321281, 
161.58416442280435; 84.21863153354576, 64.00429928390588; 93.41157387419207, 34.09229181618151; 37.31954488001184, 16.4174893849969; 124.68987335481003, 107.84953569769507; 59.62354293288671, 89.18863311159977; 27.315324368676468, 61.429008124765815; 52.261190115876616, 144.12610575748283; 53.1976889000593, 135.02182104382217; 96.05819086575778, 66.83805448216846; 126.39240654321281, 21.242721037316464; 65.7083297827069, 158.73666882357995; 106.60250602851517, 117.8111417941296; 132.291476267479, 122.30074623234577; 24.98986676039402, 28.730681328537674; 97.12492515578353, 32.58183715016031; 143.39720867957146, 152.0469122859728; 139.30524951387872, 152.77913989957548; 26.833575708130716, 99.47693172932604; 86.86557666608705, 92.0543780595267; 127.25314576429797, 
64.00429928390588; 93.41157387419207, 16.4174893849969; 124.68987335481003, 89.18863311159977; 27.315324368676468, 144.12610575748283; 53.1976889000593, 66.83805448216846; 126.39240654321281, 158.73666882357995; 106.60250602851517, 122.30074623234577; 24.98986676039402, 32.58183715016031; 143.39720867957146, 152.77913989957548; 26.833575708130716, 92.0543780595267; 127.25314576429797, 34.09229181618151; 37.31954488001184, 61.429008124765815; 52.261190115876616, 21.242721037316464; 65.7083297827069, 29.278515920483486; 93.8485336137227, 94.98411315484488; 86.83102348267614, 107.84953569769507; 52.23549780650189, 123.38350847305169; 132.291476267479, 161.58416442280435; 84.21863153354576, 152.0469122859728; 130.15355403391226, 135.02182104382217; 96.05819086575778, 
16.4174893849969; 124.68987335481003, 144.12610575748283; 53.1976889000593, 158.73666882357995; 106.60250602851517, 32.58183715016031; 143.39720867957146, 92.0543780595267; 127.25314576429797, 61.429008124765815; 52.261190115876616, 29.278515920483486; 93.8485336137227, 107.84953569769507; 52.23549780650189, 161.58416442280435; 84.21863153354576, 135.02182104382217; 96.05819086575778, 86.79938495213305; 23.523291478618077, 124.93875462465974; 17.120004826371808, 34.09229181618151; 37.31954488001184, 94.13302192795055; 93.24072516778698, 152.0469122859728; 133.91416040075072, 66.83805448216846; 126.39240654321281, 21.242721037316464; 65.7083297827069, 61.73701854819493; 93.41157387419207, 112.6249500608256; 132.291476267479, 154.54805666244303; 23.920462789432175, 
144.12610575748283; 53.1976889000593, 32.58183715016031; 143.39720867957146, 61.429008124765815; 52.261190115876616, 107.84953569769507; 52.23549780650189, 135.02182104382217; 96.05819086575778, 124.93875462465974; 17.120004826371808, 94.13302192795055; 93.24072516778698, 66.83805448216846; 126.39240654321281, 61.73701854819493; 93.41157387419207, 154.54805666244303; 23.920462789432175, 158.73666882357995; 107.47427334784979, 29.278515920483486; 93.8485336137227, 86.79938495213305; 27.463223635190726, 152.0469122859728; 140.61639003528504, 120.21447039565456; 132.291476267479, 88.85913156935369; 127.25314576429797, 34.09229181618151; 37.31954488001184, 16.4174893849969; 124.68987335481003, 21.242721037316464; 65.7083297827069, 161.58416442280435; 84.21863153354576, 
32.58183715016031; 143.39720867957146, 107.84953569769507; 52.23549780650189, 124.93875462465974; 17.120004826371808, 66.83805448216846; 126.39240654321281, 154.54805666244303; 23.920462789432175, 29.278515920483486; 93.8485336137227, 152.0469122859728; 140.61639003528504, 88.85913156935369; 127.25314576429797, 16.4174893849969; 124.68987335481003, 161.58416442280435; 84.21863153354576, 61.429008124765815; 52.261190115876616, 95.4446735465319; 93.24072516778698, 158.73666882357995; 112.68926776345795, 128.94596905327262; 132.291476267479, 21.242721037316464; 65.7083297827069, 131.3677692678866; 96.70416739458238, 82.19134853200065; 28.82660162122064, 144.12610575748283; 53.1976889000593, 34.09229181618151; 37.31954488001184, 64.45254084208307; 93.41157387419207, 
107.84953569769507; 52.23549780650189, 66.83805448216846; 126.39240654321281, 29.278515920483486; 93.8485336137227, 88.85913156935369; 127.25314576429797, 161.58416442280435; 84.21863153354576, 95.4446735465319; 93.24072516778698, 128.94596905327262; 132.291476267479, 131.3677692678866; 96.70416739458238, 144.12610575748283; 53.1976889000593, 64.45254084208307; 93.41157387419207, 124.93875462465974; 22.284064371210903, 159.14308945802; 140.76907226357105, 61.429008124765815; 52.261190115876616, 21.242721037316464; 65.7083297827069, 34.09229181618151; 37.31954488001184, 154.54805666244303; 26.962782762745952, 155.51331979500205; 112.95664101056312, 32.58183715016031; 143.39720867957146, 88.73008818164365; 20.48739218228034, 16.4174893849969; 124.68987335481003, 
66.83805448216846; 126.39240654321281, 88.85913156935369; 127.25314576429797, 95.4446735465319; 93.24072516778698, 131.3677692678866; 96.70416739458238, 64.45254084208307; 93.41157387419207, 159.14308945802; 140.76907226357105, 21.242721037316464; 65.7083297827069, 154.54805666244303; 26.962782762745952, 32.58183715016031; 143.39720867957146, 16.4174893849969; 124.68987335481003, 29.278515920483486; 94.19278948065752, 120.72848190057756; 137.30801655894254, 124.93875462465974; 24.444607176490425, 34.09229181618151; 37.31954488001184, 88.73008818164365; 25.022728256130872, 161.58416442280435; 84.21863153354576, 61.429008124765815; 52.261190115876616, 106.70853649860497; 56.493237827568144, 163.5088646129366; 117.44521399034159, 144.12610575748283; 53.1976889000593, 
88.85913156935369; 127.25314576429797, 131.3677692678866; 96.70416739458238, 159.14308945802; 140.76907226357105, 154.54805666244303; 26.962782762745952, 16.4174893849969; 124.68987335481003, 120.72848190057756; 137.30801655894254, 34.09229181618151; 37.31954488001184, 161.58416442280435; 84.21863153354576, 106.70853649860497; 56.493237827568144, 144.12610575748283; 53.1976889000593, 102.41142351725368; 93.24072516778698, 21.242721037316464; 65.7083297827069, 29.278515920483486; 96.02935362672895, 88.73008818164365; 31.3544480905954, 159.90699611189763; 117.44521399034159, 64.45254084208307; 93.41157387419207, 121.58978775043626; 26.542670236884984, 66.83805448216846; 126.39240654321281, 61.429008124765815; 52.261190115876616, 32.58183715016031; 143.39720867957146, 
131.3677692678866; 96.70416739458238, 154.54805666244303; 26.962782762745952, 120.72848190057756; 137.30801655894254, 161.58416442280435; 84.21863153354576, 144.12610575748283; 53.1976889000593, 21.242721037316464; 65.7083297827069, 88.73008818164365; 31.3544480905954, 64.45254084208307; 93.41157387419207, 66.83805448216846; 126.39240654321281, 32.58183715016031; 143.39720867957146, 159.14308945802; 135.6753038200291, 34.09229181618151; 37.31954488001184, 100.55097233096113; 93.24072516778698, 159.90699611189763; 114.79559178356563, 61.429008124765815; 52.261190115876616, 16.4174893849969; 124.68987335481003, 29.7765648357405; 94.37963309132654, 96.0401165153645; 127.10650968196205, 117.38095686265972; 24.744784965059768, 106.58803428705473; 54.92276991257046, 
154.54805666244303; 26.962782762745952, 161.58416442280435; 84.21863153354576, 21.242721037316464; 65.7083297827069, 64.45254084208307; 93.41157387419207, 32.58183715016031; 143.39720867957146, 34.09229181618151; 37.31954488001184, 159.90699611189763; 114.79559178356563, 16.4174893849969; 124.68987335481003, 96.0401165153645; 127.10650968196205, 106.58803428705473; 54.92276991257046, 127.75909911727325; 138.40664003136575, 87.29893142934492; 29.09427049789692, 159.14308945802; 141.51632552997293, 61.429008124765815; 52.261190115876616, 117.38095686265972; 29.274751084923246, 144.12610575748283; 53.92356615203923, 95.0952628800151; 93.24072516778698, 125.28476035036361; 98.57456708264112, 30.6775026036203; 100.63919327597074, 66.83805448216846; 126.39240654321281, 
161.58416442280435; 84.21863153354576, 64.45254084208307; 93.41157387419207, 34.09229181618151; 37.31954488001184, 16.4174893849969; 124.68987335481003, 106.58803428705473; 54.92276991257046, 87.29893142934492; 29.09427049789692, 61.429008124765815; 52.261190115876616, 144.12610575748283; 53.92356615203923, 125.28476035036361; 98.57456708264112, 66.83805448216846; 126.39240654321281, 21.242721037316464; 65.7083297827069, 159.0484996322936; 114.79559178356563, 127.75909911727325; 132.34256244430372, 117.65066718181271; 27.570495896470135, 30.6775026036203; 100.63919327597074, 32.58183715016031; 143.39720867957146, 159.14308945802; 137.06363774356456, 154.54805666244303; 32.554912642848, 91.92385307231932; 93.24072516778698, 89.77190117443993; 127.10650968196205, 
64.45254084208307; 93.41157387419207, 16.4174893849969; 124.68987335481003, 87.29893142934492; 29.09427049789692, 144.12610575748283; 53.92356615203923, 66.83805448216846; 126.39240654321281, 159.0484996322936; 114.79559178356563, 117.65066718181271; 27.570495896470135, 32.58183715016031; 143.39720867957146, 154.54805666244303; 32.554912642848, 89.77190117443993; 127.10650968196205, 34.09229181618151; 37.31954488001184, 61.429008124765815; 52.261190115876616, 21.242721037316464; 65.7083297827069, 31.729467230530556; 97.37917507358164, 99.86712450775794; 93.24072516778698, 105.86785729284924; 59.47345000087318, 125.4197887612681; 132.34256244430372, 161.58416442280435; 84.21863153354576, 159.14308945802; 138.078139771589, 130.31099369135478; 101.35809844784737, 
16.4174893849969; 124.68987335481003, 144.12610575748283; 53.92356615203923, 159.0484996322936; 114.79559178356563, 32.58183715016031; 143.39720867957146, 89.77190117443993; 127.10650968196205, 61.429008124765815; 52.261190115876616, 31.729467230530556; 97.37917507358164, 105.86785729284924; 59.47345000087318, 161.58416442280435; 84.21863153354576, 130.31099369135478; 101.35809844784737, 81.69078999943851; 29.09427049789692, 117.65066718181271; 31.1722082163757, 34.09229181618151; 37.31954488001184, 92.99587745703235; 93.24072516778698, 159.14308945802; 139.9741130223388, 66.83805448216846; 126.39240654321281, 21.242721037316464; 65.7083297827069, 67.27732380056723; 93.41157387419207, 125.4197887612681; 122.83295236721403, 154.54805666244303; 20.52601208624426, 
144.12610575748283; 53.92356615203923, 32.58183715016031; 143.39720867957146, 61.429008124765815; 52.261190115876616, 105.86785729284924; 59.47345000087318, 130.31099369135478; 101.35809844784737, 117.65066718181271; 31.1722082163757, 92.99587745703235; 93.24072516778698, 66.83805448216846; 126.39240654321281, 67.27732380056723; 93.41157387419207, 154.54805666244303; 20.52601208624426, 158.7104373526817; 114.79559178356563, 32.48389112083701; 95.04122990717438, 87.30269366176167; 21.41180349323417, 159.14308945802; 132.6986414548517, 125.4197887612681; 126.79847009427537, 97.43841479386919; 127.10650968196205, 34.09229181618151; 37.31954488001184, 16.4174893849969; 124.68987335481003, 21.242721037316464; 65.7083297827069, 161.58416442280435; 84.21863153354576, 
32.58183715016031; 143.39720867957146, 105.86785729284924; 59.47345000087318, 117.65066718181271; 31.1722082163757, 66.83805448216846; 126.39240654321281, 154.54805666244303; 20.52601208624426, 32.48389112083701; 95.04122990717438, 159.14308945802; 132.6986414548517, 97.43841479386919; 127.10650968196205, 16.4174893849969; 124.68987335481003, 161.58416442280435; 84.21863153354576, 61.429008124765815; 52.261190115876616, 100.74115157120437; 93.24072516778698, 158.7104373526817; 113.81726981548638, 125.4197887612681; 132.22528771313458, 21.242721037316464; 65.7083297827069, 136.2080490846452; 101.35809844784737, 89.3104172823768; 28.29985404523447, 147.98394550794796; 49.32996967610578, 34.09229181618151; 37.31954488001184, 67.09380013150088; 93.40330934288373, 
105.86785729284924; 59.47345000087318, 66.83805448216846; 126.39240654321281, 32.48389112083701; 95.04122990717438, 97.43841479386919; 127.10650968196205, 161.58416442280435; 84.21863153354576, 100.74115157120437; 93.24072516778698, 125.4197887612681; 132.22528771313458, 136.2080490846452; 101.35809844784737, 147.98394550794796; 49.32996967610578, 67.09380013150088; 93.40330934288373, 118.18561869707997; 31.1722082163757, 159.14308945802; 136.8423058899682, 61.429008124765815; 52.261190115876616, 21.242721037316464; 65.7083297827069, 34.09229181618151; 37.31954488001184, 154.54805666244303; 26.3440476122031, 160.4293071197216; 113.28103951806196, 32.58183715016031; 143.39720867957146, 81.69798625361331; 34.1986654386979, 16.4174893849969; 124.68987335481003, 
66.83805448216846; 126.39240654321281, 97.43841479386919; 127.10650968196205, 100.74115157120437; 93.24072516778698, 136.2080490846452; 101.35809844784737, 67.09380013150088; 93.40330934288373, 159.14308945802; 136.8423058899682, 21.242721037316464; 65.7083297827069, 154.54805666244303; 26.3440476122031, 32.58183715016031; 143.39720867957146, 16.4174893849969; 124.68987335481003, 33.10972895239595; 101.06816892084876, 132.04295783298167; 132.22528771313458, 118.53144826464903; 29.546187459284198, 34.09229181618151; 37.31954488001184, 86.82586301013107; 29.50601673635022, 161.58416442280435; 84.21863153354576, 61.429008124765815; 52.261190115876616, 103.6971484120741; 66.35800966706044, 163.43394883324703; 114.48277424111615, 147.98394550794796; 52.372266194353905, 
97.43841479386919; 127.10650968196205, 136.2080490846452; 101.35809844784737, 159.14308945802; 136.8423058899682, 154.54805666244303; 26.3440476122031, 16.4174893849969; 124.68987335481003, 132.04295783298167; 132.22528771313458, 34.09229181618151; 37.31954488001184, 161.58416442280435; 84.21863153354576, 103.6971484120741; 66.35800966706044, 147.98394550794796; 52.372266194353905, 100.74115157120437; 98.57580416644072, 21.242721037316464; 65.7083297827069, 33.85942696264204; 99.52128714095923, 92.49144512269224; 24.32130036914002, 159.28120370929875; 114.48277424111615, 66.08196359786311; 93.40330934288373, 127.02538624889695; 29.546187459284198, 66.83805448216846; 126.39240654321281, 61.429008124765815; 52.261190115876616, 32.58183715016031; 143.39720867957146, 
136.2080490846452; 101.35809844784737, 154.54805666244303; 26.3440476122031, 132.04295783298167; 132.22528771313458, 161.58416442280435; 84.21863153354576, 147.98394550794796; 52.372266194353905, 21.242721037316464; 65.7083297827069, 92.49144512269224; 24.32130036914002, 66.08196359786311; 93.40330934288373, 66.83805448216846; 126.39240654321281, 32.58183715016031; 143.39720867957146, 159.14308945802; 138.1470606305429, 34.09229181618151; 37.31954488001184, 100.74115157120437; 95.76503189603098, 159.4675489497207; 114.55394131627443, 61.429008124765815; 52.261190115876616, 16.4174893849969; 124.68987335481003, 31.480079354390405; 94.39023228461674, 101.41622006811637; 129.21652666337678, 125.02764042055317; 29.546187459284198, 100.12746676665127; 54.124513060312566, 
154.54805666244303; 26.3440476122031, 161.58416442280435; 84.21863153354576, 21.242721037316464; 65.7083297827069, 66.08196359786311; 93.40330934288373, 32.58183715016031; 143.39720867957146, 34.09229181618151; 37.31954488001184, 159.4675489497207; 114.55394131627443, 16.4174893849969; 124.68987335481003, 101.41622006811637; 129.21652666337678, 100.12746676665127; 54.124513060312566, 130.3438189020552; 132.22528771313458, 92.49144512269224; 34.35626246531214, 159.14308945802; 144.9964602492147, 61.429008124765815; 52.261190115876616, 123.57944140586915; 29.546187459284198, 147.98394550794796; 52.869087537317625, 92.17062954245115; 95.76503189603098, 128.76324632510182; 99.98994852450892, 31.518278311226787; 95.03642896761528, 66.48912970972209; 120.01611879387151, 
161.58416442280435; 84.21863153354576, 66.08196359786311; 93.40330934288373, 34.09229181618151; 37.31954488001184, 16.4174893849969; 124.68987335481003, 100.12746676665127; 54.124513060312566, 92.49144512269224; 34.35626246531214, 61.429008124765815; 52.261190115876616, 147.98394550794796; 52.869087537317625, 128.76324632510182; 99.98994852450892, 66.48912970972209; 120.01611879387151, 21.242721037316464; 65.7083297827069, 154.377736924392; 114.55394131627443, 130.0961610312032; 132.37467010698128, 118.33908028463247; 29.546187459284198, 31.571197353812885; 95.93163953404685, 32.58183715016031; 143.39720867957146, 159.14308945802; 136.15269478936614, 154.54805666244303; 24.75064776307883, 101.4701987885204; 95.76503189603098, 100.81976888908757; 130.52934315264255, 
66.08196359786311; 93.40330934288373, 16.4174893849969; 124.68987335481003, 92.49144512269224; 34.35626246531214, 147.98394550794796; 52.869087537317625, 66.48912970972209; 120.01611879387151, 154.377736924392; 114.55394131627443, 118.33908028463247; 29.546187459284198, 32.58183715016031; 143.39720867957146, 154.54805666244303; 24.75064776307883, 100.81976888908757; 130.52934315264255, 34.09229181618151; 37.31954488001184, 61.429008124765815; 52.261190115876616, 21.242721037316464; 65.7083297827069, 31.708335939964797; 95.46346010494037, 100.07639247991648; 95.76503189603098, 100.12746676665127; 58.536681357447996, 130.6303326111535; 136.01405079816524, 161.43036697554666; 84.21863153354576, 159.14308945802; 136.8908919838554, 134.41149201659601; 95.9598668294436, 
16.4174893849969; 124.68987335481003, 147.98394550794796; 52.869087537317625, 154.377736924392; 114.55394131627443, 32.58183715016031; 143.39720867957146, 100.81976888908757; 130.52934315264255, 61.429008124765815; 52.261190115876616, 31.708335939964797; 95.46346010494037, 100.12746676665127; 58.536681357447996, 161.43036697554666; 84.21863153354576, 134.41149201659601; 95.9598668294436, 92.49144512269224; 34.04691612825263, 123.46390682548925; 29.546187459284198, 34.09229181618151; 37.31954488001184, 92.96149820065423; 95.76503189603098, 159.14308945802; 143.2989504936286, 66.48912970972209; 127.22726079895526, 21.242721037316464; 65.7083297827069, 59.00652112837267; 93.40330934288373, 135.645301216902; 130.65433388138848, 154.54805666244303; 25.7120313419114, 
147.98394550794796; 52.869087537317625, 32.58183715016031; 143.39720867957146, 61.429008124765815; 52.261190115876616, 100.12746676665127; 58.536681357447996, 134.41149201659601; 95.9598668294436, 123.46390682548925; 29.546187459284198, 92.96149820065423; 95.76503189603098, 66.48912970972209; 127.22726079895526, 59.00652112837267; 93.40330934288373, 154.54805666244303; 25.7120313419114, 157.48257710043308; 112.21053810722297, 26.575283694091322; 95.46346010494037, 92.49144512269224; 33.99485060486749, 159.14308945802; 137.65504927248767, 139.69531230961036; 130.65433388138848, 108.72183151179868; 130.55705316990802, 34.09229181618151; 37.31954488001184, 16.4174893849969; 124.68987335481003, 21.242721037316464; 65.7083297827069, 161.43036697554666; 84.21863153354576, 
32.58183715016031; 143.39720867957146, 100.12746676665127; 58.536681357447996, 123.46390682548925; 29.546187459284198, 66.48912970972209; 127.22726079895526, 154.54805666244303; 25.7120313419114, 26.575283694091322; 95.46346010494037, 159.14308945802; 137.65504927248767, 108.72183151179868; 130.55705316990802, 16.4174893849969; 124.68987335481003, 161.43036697554666; 84.21863153354576, 61.429008124765815; 52.261190115876616, 99.19201389659638; 95.76503189603098, 162.31957644440527; 107.04907222396757, 135.20203809743663; 130.65433388138848, 21.242721037316464; 65.7083297827069, 131.04214052351287; 96.51899602317364, 92.49144512269224; 34.09392996803789, 147.98394550794796; 52.869087537317625, 34.09229181618151; 37.31954488001184, 61.9583218121466; 93.40330934288373, 
